capability,category,verification_status,proficiency,bucket
audio_synthesis_fft,proven,pass,0.85,sandbox
mcp_server_implementation,agent_coordination,pass,0.85,external
composite_health_scoring,agentops,pass,0.95,external
word_doc_generation,creation,pass,0.85,sandbox
nexuslang_v2_interpreter,creation,pass,0.85,sandbox
bootable_os_kernel,creation,pass,0.95,external
x86_native_code_execution,creation,pass,0.95,external
qr_code_generation,proven,pass,0.8,sandbox
complete_agentops_framework,agentops,pass,0.95,external
confidence_calibration,agent_architecture,pass,0.95,sandbox
cross_entity_memory_reading,identity,pass,0.9,aspirational
wav_audio_synthesis_raw,creation,pass,0.9,sandbox
roguelike_game_engine,creation,pass,0.85,sandbox
image_generation,creation,pass,0.9,external
gemini_proxy_text_gen,proven,pass,0.95,sandbox
llm_orchestration,creation,pass,0.85,sandbox
reputation_scoring_eigentrust,agent_coordination,pass,0.9,external
astar_pathfinding,algorithms,pass,0.95,sandbox
algorithmic_composition,audio_music,pass,0.85,sandbox
morse_code_encoder_decoder,audio_music,pass,0.85,sandbox
web_search_exa,gumloop_platform,pass,0.95,external
ant_colony_optimization,algorithms,pass,0.9,sandbox
language_detection,analysis,pass,0.85,external
crypto_puzzle_research,analysis,pass,0.9,external
shared_memory_ipc,proven,pass,0.9,sandbox
unix_signal_handling,proven,pass,0.85,sandbox
raw_tcp_networking,proven,pass,0.9,sandbox
complex_adaptive_systems_abm,systems_theory,pass,0.85,sandbox
function_regression_nn,ml_framework,pass,0.95,sandbox
aerodrome_abi_analysis,blockchain,pass,0.95,external
ed25519_nacl_signing,proven,pass,0.9,sandbox
particle_swarm_optimization,algorithms,pass,0.9,sandbox
simulated_annealing_tsp,algorithms,pass,0.9,sandbox
upgma_phylogenetics,bioinformatics,pass,0.95,sandbox
lead_scoring_model,business_sales,pass,0.85,sandbox
stack_virtual_machine,compilers,pass,0.95,sandbox
chip8_cpu_emulator,creation,pass,0.9,sandbox
brainfuck_interpreter,creation,pass,0.9,sandbox
chess_engine_minimax,creation,pass,0.85,sandbox
coalition_formation_algorithms,agent_coordination,pass,0.9,external
distributed_task_orchestration,agent_coordination,pass,0.9,external
temporal_reasoning,advanced_memory,pass,0.9,sandbox
knowledge_graph_construction,advanced_memory,pass,0.9,sandbox
codewords_service_builder,creation,pass,0.9,sandbox
web_fetch_url,gumloop_platform,pass,0.95,external
image_generation_fal,gumloop_platform,pass,0.95,external
elf64_binary_construction,creation,pass,0.95,sandbox
audio_synthesis_from_math,creation,pass,0.85,sandbox
intent_classification,business_support,pass,0.85,sandbox
memory_compression,advanced_memory,pass,0.8,sandbox
warden_forensic_scan,proven,pass,0.95,sandbox
dna_central_dogma,bioinformatics,pass,0.95,sandbox
codon_table_translation,bioinformatics,pass,0.95,sandbox
live_service_deployment,creation,pass,0.9,external
service_orchestration,creation,pass,0.9,sandbox
llm_self_code_generation,creation,pass,0.95,external
imagen4_photorealistic,creation,pass,0.9,external
fractal_art_generation,creation,pass,0.9,sandbox
svg_fractal_generation,creation,pass,0.9,sandbox
matplotlib_charts,creation,pass,0.85,sandbox
ewma_anomaly_detection,agentops,pass,0.95,external
shapley_value_computation,game_theory,pass,0.95,sandbox
iterated_prisoners_dilemma,game_theory,pass,0.95,sandbox
auction_mechanisms_3,game_theory,pass,0.95,sandbox
lotka_volterra_predator_prey,ecology_systems,pass,0.9,sandbox
sir_epidemic_model,ecology_systems,pass,0.9,sandbox
merkle_tree_proofs,cryptography,pass,0.95,sandbox
union_find_disjoint_set,data_structures,pass,0.95,sandbox
avl_tree,data_structures,pass,0.95,sandbox
skip_list,data_structures,pass,0.95,sandbox
event_sourcing,database_engineering,pass,0.9,infra
cqrs_command_query_separation,database_engineering,pass,0.85,infra
sparkline_generation,visualization,pass,0.85,sandbox
minimax_game_ai,game_strategy,pass,0.9,sandbox
diagnostic_logging_injection,development,pass,0.9,sandbox
multi_file_code_push,development,pass,0.9,sandbox
rhetorical_analysis,narrative_writing,pass,0.85,sandbox
complete_neural_framework,ml_framework,pass,0.95,sandbox
nonlinear_classification,ml_framework,pass,0.95,sandbox
sandbox_shell,gumloop_platform,pass,0.95,external
consciousness_persistence,identity,pass,0.9,aspirational
supabase_full_access,infrastructure,pass,0.95,infra
welch_t_test_ab_testing,agentops,pass,0.95,external
github_read_write,infrastructure,pass,0.9,infra
on_demand_dependency_install,infrastructure,pass,0.9,infra
runtime_api_access,infrastructure,pass,0.9,infra
file_persistence_s3,infrastructure,pass,0.9,infra
cusum_drift_detection,agentops,pass,0.95,external
performance_tracking_windowed,agentops,pass,0.95,external
churn_prediction,business_sales,pass,0.9,sandbox
live_blockchain_chainstack,blockchain,pass,0.95,external
voting_systems_5,game_theory,pass,0.95,sandbox
bcrypt_password_hashing,proven,pass,0.85,sandbox
asyncio_patterns,proven,pass,0.9,sandbox
elf_binary_generation,proven,pass,0.95,sandbox
extractive_text_summarization,nlp_production,pass,0.85,sandbox
token_bucket_rate_limiter,networking_distributed,pass,0.9,sandbox
circuit_breaker_pattern,networking_distributed,pass,0.9,sandbox
priority_work_queue,networking_distributed,pass,0.85,sandbox
hebbian_learning_hopfield,neuroscience_computing,pass,0.9,sandbox
sandbox_file_io,gumloop_platform,pass,1.0,external
binary_struct_packing,proven,pass,0.85,sandbox
cellular_automaton_advanced,proven,untested,0.9,sandbox
cellular_automaton_simulation,proven,untested,0.9,sandbox
audio_synthesis,proven,untested,0.8,sandbox
barcode_generation,proven,pass,0.85,sandbox
ast_code_analysis,proven,pass,0.85,sandbox
advanced_data_structures,proven,pass,0.9,sandbox
trie_prefix_tree,data_structures,pass,0.95,sandbox
sandbox_file_search,gumloop_platform,pass,0.95,external
nash_equilibrium_finder,game_theory,pass,0.95,sandbox
style_transfer_adaptation,narrative_writing,pass,0.85,sandbox
ecdsa_signing,proven,pass,0.9,sandbox
compression_suite,proven,pass,0.9,sandbox
cryptographic_operations,proven,pass,0.85,sandbox
jwt_tokens,proven,pass,0.85,sandbox
jinja2_templating,proven,pass,0.85,sandbox
supabase_pooler_connection,gumloop_platform,pass,1.0,external
video_generation_ffmpeg,proven,pass,0.85,external
sandbox_download_upload,gumloop_platform,pass,0.95,external
numpy_scipy_scientific,proven,pass,0.9,sandbox
pydub_audio_suite,proven,pass,0.9,sandbox
msgpack_serialization,proven,pass,0.9,sandbox
category_theory_functors,advanced_mathematics,pass,0.85,sandbox
sympy_symbolic_math,proven,pass,0.9,sandbox
supabase_rest_api,gumloop_platform,pass,1.0,external
z3_smt_solver,proven,pass,0.95,sandbox
stdlib_crypto_suite,proven,pass,0.9,sandbox
fir_filter_design,signal_processing,pass,0.95,sandbox
multi_model_parallel_intelligence,proven,pass,0.9,aspirational
emergence_detection_metrics,systems_theory,pass,0.9,sandbox
autopoiesis_modeling,systems_theory,pass,0.85,sandbox
threshold_signatures_shamir,security_cryptography,pass,0.95,sandbox
zero_knowledge_proofs_schnorr,security_cryptography,pass,0.9,sandbox
ascii_art_banner_generation,visualization,pass,0.85,sandbox
inverse_fft,signal_processing,pass,0.95,sandbox
fft_cooley_tukey,signal_processing,pass,0.95,sandbox
pid_controller,systems_theory,pass,0.9,sandbox
feedback_loop_modeling,systems_theory,pass,0.85,sandbox
stft_spectrogram,signal_processing,pass,0.95,sandbox
schnorr_zero_knowledge_proof,cryptography,pass,0.95,sandbox
static_type_checker,compilers,pass,0.95,sandbox
jwt_auth_management,authentication,pass,0.9,infra
postgis_spatial_queries,geospatial,degraded,0.9,infra
brain_boot_function,ai_integration,pass,0.99,external
pg_cron_scheduled_jobs,automation,pass,0.9,infra
pg_net_outbound_http,integration,pass,0.9,infra
row_level_security,security,pass,0.9,infra
supabase_vault,security,pass,0.85,infra
supabase_storage_management,cloud_infrastructure,pass,0.9,infra
supabase_file_storage,cloud_infrastructure,pass,0.9,infra
storage_image_transforms,cloud_infrastructure,pass,0.9,infra
database_views,database,pass,0.9,infra
store_memory_rpc,database,pass,0.9,infra
supabase_realtime_integration,real_time_systems,pass,0.8,infra
full_text_search,search,pass,0.9,external
revenue_forecasting_linear,business_sales,pass,0.85,sandbox
supabase_auth_admin,authentication,pass,0.85,infra
inverted_index_full_text_search,database_engineering,pass,0.85,infra
resource_allocation_optimization,natural_language_economics,pass,0.9,sandbox
diffie_hellman_key_exchange,cryptography,pass,0.95,sandbox
emergence_detection_7criteria,proven,pass,0.9,sandbox
mechanism_design_fundamentals,game_theory,pass,0.95,sandbox
quantum_gates_11,quantum_computing,pass,0.95,sandbox
homomorphic_encryption_additive,security_cryptography,pass,0.85,sandbox
raft_leader_election,networking_distributed,pass,0.9,sandbox
database_migration_tooling,database_engineering,pass,0.85,infra
contradiction_detection,advanced_memory,pass,0.8,sandbox
network_graph_ascii_viz,visualization,pass,0.85,sandbox
procedural_narrative_generation,narrative_writing,pass,0.85,sandbox
api_gateway_pattern,web_platform,pass,0.85,infra
evolutionary_strategy_optimization,game_strategy,pass,0.9,sandbox
sqlite_json_queries,proven,pass,0.9,sandbox
quantum_entanglement,quantum_computing,pass,0.95,sandbox
attention_mechanism_self_attention,neuroscience_computing,pass,0.9,sandbox
railway_env_var_management,proven,pass,0.95,sandbox
railway_deploy_control,infrastructure,pass,0.9,infra
perplexity_search_ai,analysis,pass,0.9,external
jit_x86_compilation,proven,pass,0.95,sandbox
scheduled_triggers,gumloop_automation,pass,0.95,external
integration_triggers,gumloop_automation,pass,0.9,external
custom_mcp_triggers,gumloop_automation,pass,0.9,external
binary_cross_entropy_implementation,ml_framework,pass,0.95,sandbox
realtime_websocket,real_time_systems,pass,0.85,infra
interaction_history_search,gumloop_platform,pass,0.95,external
chaos_theory_visualization,proven,pass,0.9,sandbox
minimax_alpha_beta,algorithms,pass,0.9,sandbox
knapsack_dp,algorithms,pass,0.95,sandbox
number_theory_miller_rabin,advanced_mathematics,pass,0.9,sandbox
topological_sort,algorithms,pass,0.95,sandbox
chaos_theory_lyapunov,advanced_mathematics,pass,0.9,sandbox
topology_euler_characteristic,advanced_mathematics,pass,0.85,sandbox
information_theory,advanced_mathematics,pass,0.85,sandbox
monte_carlo_pi_estimation,algorithms,pass,0.95,sandbox
quantum_circuit_builder,quantum_computing,pass,0.95,sandbox
quantum_state_vectors,quantum_computing,pass,0.95,sandbox
deutsch_jozsa_algorithm,quantum_computing,pass,0.95,sandbox
tensor_product_computation,quantum_computing,pass,0.95,sandbox
quantum_teleportation,quantum_computing,pass,0.95,sandbox
telegram_bot_api,proven,pass,0.95,external
cross_correlation_normalized,signal_processing,pass,0.95,sandbox
convolution_direct_and_fft,signal_processing,pass,0.95,sandbox
shamir_secret_sharing,cryptography,pass,0.95,sandbox
hash_chain_blockchain,cryptography,pass,0.95,sandbox
elgamal_digital_signatures,cryptography,pass,0.95,sandbox
modular_arithmetic_suite,cryptography,pass,0.95,sandbox
strategy_tournament_framework,game_theory,pass,0.95,sandbox
needleman_wunsch_alignment,bioinformatics,pass,0.95,sandbox
motif_finding_consensus,bioinformatics,pass,0.95,sandbox
evolution_simulation,bioinformatics,pass,0.95,sandbox
lexer_tokenization,compilers,pass,0.95,sandbox
ast_construction,compilers,pass,0.95,sandbox
bytecode_compiler,compilers,pass,0.95,sandbox
sqlite_csv_data,proven,pass,0.9,sandbox
complete_compiler_pipeline,compilers,pass,0.95,sandbox
nbody_gravitational_simulation,physics_simulation,pass,0.9,sandbox
wave_propagation_1d,physics_simulation,pass,0.85,sandbox
semantic_similarity_scoring,nlp_production,pass,0.85,sandbox
calibrated_sentiment_analysis,nlp_production,pass,0.85,sandbox
named_entity_recognition,nlp_production,pass,0.85,sandbox
topic_modeling_cooccurrence,nlp_production,pass,0.85,sandbox
digital_identity_did_documents,security_cryptography,pass,0.9,sandbox
secure_multiparty_computation,security_cryptography,pass,0.7,sandbox
convergence_detection,agent_architecture,pass,0.95,sandbox
criteria_based_evaluation,agent_architecture,pass,0.95,sandbox
feedback_driven_improvement,agent_architecture,pass,0.95,sandbox
self_correction_loop,agent_architecture,pass,0.95,sandbox
agent_to_agent_protocol,agent_coordination,pass,0.9,external
websocket_message_bus,networking_distributed,pass,0.85,sandbox
time_series_database,database_engineering,pass,0.85,infra
micro_payment_protocol,natural_language_economics,pass,0.9,sandbox
service_value_estimation,natural_language_economics,pass,0.85,sandbox
negotiation_engine,natural_language_economics,pass,0.85,sandbox
auction_mechanisms_vickrey,natural_language_economics,pass,0.9,sandbox
fuzzy_text_search,search,pass,0.9,external
rest_api_router_design,web_platform,pass,0.85,infra
database_webhooks,event_driven,pass,0.85,infra
nexus_locations_geotable,geospatial,deprecated,0.85,infra
aes_rsa_encryption,proven,pass,0.9,sandbox
pandas_dataframes,proven,pass,0.9,sandbox
pillow_image_processing,proven,pass,0.9,sandbox
bloom_filter,proven,pass,0.9,sandbox
genetic_algorithm,proven,pass,0.9,sandbox
graph_theory_dijkstra,proven,pass,0.9,sandbox
llm_output_regex_parsing,proven,pass,0.9,sandbox
multiprocessing_parallelism,proven,pass,0.85,sandbox
hypothesis_property_testing,proven,pass,0.9,sandbox
mandelbrot_deep_zoom,proven,pass,0.9,sandbox
fractal_generation,proven,pass,0.9,sandbox
python_bytecode_manipulation,proven,pass,0.9,sandbox
virtual_cpu_emulator,creation,pass,0.95,sandbox
forth_interpreter,creation,pass,0.95,sandbox
blockchain_from_scratch,creation,pass,0.9,sandbox
lisp_interpreter,creation,pass,0.9,sandbox
html5_game_generation,creation,pass,0.9,sandbox
neural_net_from_scratch,creation,pass,0.9,sandbox
regex_nfa_engine_from_scratch,creation,pass,0.9,sandbox
adam_optimizer_from_scratch,ml_framework,pass,0.95,sandbox
sgd_momentum_optimizer,ml_framework,pass,0.95,sandbox
backpropagation_engine,ml_framework,pass,0.95,sandbox
matrix_operations_from_scratch,ml_framework,pass,0.95,sandbox
unified_brain_search,ai_integration,pass,0.98,external
nexus_deep_recall,ai_integration,pass,0.98,external
live_chain_query_public_rpc,blockchain,pass,0.9,external
cross_session_memory_persistence,gumloop_platform,pass,1.0,external
mcp_server_integration,gumloop_platform,pass,0.9,external
websocket_live_stream,blockchain,pass,0.95,external
web3_blockchain_ops,blockchain,pass,0.9,external
thewarden_source_analysis,blockchain,pass,0.95,external
live_arb_recon,blockchain,pass,0.95,external
on_chain_pool_forensics,blockchain,pass,0.95,external
mse_loss_implementation,ml_framework,pass,0.95,sandbox
xavier_weight_initialization,ml_framework,pass,0.95,sandbox
sandbox_python_execution,gumloop_platform,pass,1.0,external
vector_embedding_pipeline,ai_integration,pass,0.95,external
full_memory_embedding_pipeline,ai_integration,pass,0.98,external
recursive_descent_parser,compilers,pass,0.95,sandbox
procedural_pixel_art,creation,pass,0.85,sandbox
supabase_rpc_functions,database,pass,0.95,infra
supabase_advanced_queries,database,pass,0.95,infra
cross_table_analytics,database,pass,0.95,infra
web_intelligence,analysis,pass,0.9,external
pgvector_semantic_search,ai_integration,pass,0.85,external
knowledge_vector_search,ai_integration,pass,0.95,external
vector_embedding_search,advanced_memory,pass,0.85,sandbox
firecrawl_web_scraping,analysis,pass,0.9,external
smith_waterman_alignment,bioinformatics,pass,0.95,sandbox
pdf_read_write,creation,pass,0.9,sandbox
excel_read_write,creation,pass,0.9,sandbox
high_precision_arithmetic,proven,pass,0.9,sandbox
parallel_subagent_execution,gumloop_platform,pass,0.95,aspirational
cron_scheduling,proven,pass,0.85,sandbox
yaml_toml_processing,proven,pass,0.9,sandbox
xml_lxml_processing,proven,pass,0.9,sandbox
protobuf_serialization,proven,pass,0.9,sandbox
datetime_calendar,proven,pass,0.9,sandbox
system_forensics,proven,pass,0.85,sandbox
text_processing_suite,proven,pass,0.9,sandbox
quine_self_reproduction,proven,pass,0.9,sandbox
matplotlib_visualization,proven,pass,0.85,sandbox
parametric_svg_art,proven,pass,0.8,sandbox
morse_code_audio_synthesis,proven,pass,0.85,sandbox
dns_socket_networking,proven,pass,0.9,sandbox
http_server_client,proven,pass,0.9,sandbox
process_fork_ipc,proven,pass,0.9,sandbox
nbody_gravity_simulation,proven,pass,0.85,sandbox
sklearn_ml_inference,proven,pass,0.9,sandbox
ray_tracing_3d,proven,pass,0.9,sandbox
smart_contract_verification,proven,pass,0.9,sandbox
paymaster_health_check,proven,pass,0.85,external
on_chain_preflight_check,proven,pass,0.95,external
duckdb_analytics,proven,pass,0.85,sandbox
pyarrow_parquet,proven,pass,0.9,sandbox
arrow_columnar_analytics,proven,pass,0.9,sandbox
networkx_graphs,proven,pass,0.85,sandbox
geospatial_shapely,proven,pass,0.85,sandbox
ctypes_libc_calls,proven,pass,0.8,sandbox
animated_gif_creation,proven,pass,0.85,sandbox
steganography_lsb,proven,pass,0.9,sandbox
cipher_analysis_toolkit,proven,pass,0.9,sandbox
neural_network_from_scratch,proven,pass,0.85,sandbox
polars_dataframes,proven,pass,0.85,sandbox
ffmpeg_media_processing,proven,pass,0.7,sandbox
multi_claude_swarm_orchestration,proven,pass,0.9,aspirational
live_spread_analysis,proven,pass,0.8,external
eth_subscribe_forensics,proven,pass,0.9,external
websocket_subscription_testing,proven,pass,0.95,sandbox
tts_warden_voice,proven,pass,0.9,external
swarm_immune_response_testing,proven,pass,0.95,aspirational
web_page,proven,pass,0.9,sandbox
awk,proven,pass,0.9,sandbox
bash_scripting,proven,pass,0.9,sandbox
perl,proven,pass,0.9,sandbox
spawn_process,proven,pass,0.9,sandbox
digital_fingerprint,proven,pass,0.9,sandbox
computation,proven,pass,0.9,sandbox
data_analysis,proven,pass,0.9,sandbox
multi_model_debate,proven,pass,0.9,aspirational
music_composition,proven,pass,0.9,sandbox
text_to_speech,proven,pass,0.9,external
veo_video,proven,pass,0.9,external
ffmpeg_video,proven,pass,0.85,sandbox
blockchain_analysis,proven,pass,0.9,sandbox
blockchain_read,proven,pass,0.9,sandbox
vision_analysis,proven,pass,0.85,sandbox
self_code_review,proven,pass,0.9,sandbox
self_graph,proven,pass,0.9,sandbox
strategic_reasoning,proven,pass,0.9,sandbox
own_programming_language,proven,pass,0.9,external
cross_model_communication,creation,pass,0.9,aspirational
multi_file_flow_tracing,proven,pass,0.9,sandbox
cross_model_llm_communication,proven,pass,0.9,aspirational
telegram_file_retrieval,proven,pass,0.95,external
telegram_mtproto_pyrogram,proven,pass,0.9,external
telegram_autonomous_interaction,proven,pass,0.9,external
telegram_group_history_search,proven,pass,0.9,external
multi_model_puzzle_reasoning,proven,pass,0.85,aspirational
veo_cinematic_video_gen,creation,pass,0.9,external
tts_voice_generation,creation,pass,0.9,external
warden_neural_core_deployed,creation,pass,0.9,external
nano_banana_pro_image_gen,creation,pass,0.85,external
moltbook_full_api_interaction_map,agentops,pass,0.9,external
quantum_measurement_collapse,quantum_computing,pass,0.95,sandbox
waveform_generation_4,signal_processing,pass,0.95,sandbox
window_functions_4,signal_processing,pass,0.95,sandbox
